Website,Domain,Title,Email,Type,Source Page,Phone,WhatsApp,Instagram,LinkedIn
"https://www.gymshark.com","www.gymshark.com","Gymshark Official Store - Gym Clothes & Workout Clothes","press@gymshark.com","press","/pages/about-us","+10140-1018","","https://www.instagram.com/gymshark","https://linkedin.com/shareArticle?mini=true&source=Gymshark&url=https%3A%2F%2Fsupport.gymshark.com%2Farticle%2Fcontact-us&title=Contact Us"
"https://www.gymshark.com","www.gymshark.com","Gymshark Official Store - Gym Clothes & Workout Clothes","corporate@gymshark.com","corporate","/pages/about-us","+10140-1018","","https://www.instagram.com/gymshark","https://linkedin.com/shareArticle?mini=true&source=Gymshark&url=https%3A%2F%2Fsupport.gymshark.com%2Farticle%2Fcontact-us&title=Contact Us"
"https://www.gymshark.com","www.gymshark.com","Gymshark Official Store - Gym Clothes & Workout Clothes","support@gymshark.com","support","/contact","+10140-1018","","https://www.instagram.com/gymshark","https://linkedin.com/shareArticle?mini=true&source=Gymshark&url=https%3A%2F%2Fsupport.gymshark.com%2Farticle%2Fcontact-us&title=Contact Us"
"https://www.allbirds.eu","www.allbirds.eu","Allbirds: Bequeme, Nachhaltige Schuhe & Sneaker","service@allbirds.de","support","/","+43 5522-72303","","https://www.instagram.com/allbirds",""
"https://www.allbirds.eu","www.allbirds.eu","Allbirds: Bequeme, Nachhaltige Schuhe & Sneaker","service@allbirds.eu","support","/","+43 5522-72303","","https://www.instagram.com/allbirds",""
"https://www.bombas.com","www.bombas.com","Bombas. Socks, Underwear, T-Shirts, Slippers designed for comfort, quality, and impact","hello@bombas.com","contact","/corporate","209-1433-4703","","https://www.instagram.com/bombas",""
"https://www.glossier.com","www.glossier.com","Glossier","gteam@glossier.com","other","/contact","","","https://www.instagram.com/glossier/",""
"https://www.glossier.com","www.glossier.com","Glossier","brand@glossier.com","other","/contact","","","https://www.instagram.com/glossier/",""
"https://www.glossier.com","www.glossier.com","Glossier","press@glossier.com","press","/contact","","","https://www.instagram.com/glossier/",""
"https://www.glossier.com","www.glossier.com","Glossier","u003egteam@glossier.com","other","/help","","","https://www.instagram.com/glossier/",""
"https://www.glossier.com","www.glossier.com","Glossier","your@email.com","other","/help","","","https://www.instagram.com/glossier/",""
"https://www.casper.com","www.casper.com","The Best Bed for Better Sleep | Casper Homepage","support@casper.com","support","/","+18884980003","","https://www.instagram.com/casper/","https://www.linkedin.com/company/casper/"
"https://www.fashionnova.com","www.fashionnova.com","Fashion Nova | Fashion Online For Women | Affordable Women's Clothing | Fashion NovaSearch AI IconSearch AI Icon","e7c5d00f7ff26a82791e5ece4cbfb27c@o4504566675341312.ingest.sentry.io","other","/","(818) 347-6500","","https://www.instagram.com/fashionnova",""
"https://www.brooklinen.com","www.brooklinen.com","Brooklinen® | Best in Bed
  Brooklinen® | Best in Bed
Rated 5 stars out of 5 by over 100,000 customersRated 5 stars out of 5 by over 100,000 customersRated 5 stars out of 5 by over 100,000 customers","hello@brooklinen.com","contact","/contact","401-9844-4588","","https://www.instagram.com/brooklinen/",""
"https://www.brooklinen.com","www.brooklinen.com","Brooklinen® | Best in Bed
  Brooklinen® | Best in Bed
Rated 5 stars out of 5 by over 100,000 customersRated 5 stars out of 5 by over 100,000 customersRated 5 stars out of 5 by over 100,000 customers","press@brooklinen.com","press","/contact","401-9844-4588","","https://www.instagram.com/brooklinen/",""
"https://www.brooklinen.com","www.brooklinen.com","Brooklinen® | Best in Bed
  Brooklinen® | Best in Bed
Rated 5 stars out of 5 by over 100,000 customersRated 5 stars out of 5 by over 100,000 customersRated 5 stars out of 5 by over 100,000 customers","sales@brooklinenbusiness.com","sales","/contact","401-9844-4588","","https://www.instagram.com/brooklinen/",""
"https://www.brooklinen.com","www.brooklinen.com","Brooklinen® | Best in Bed
  Brooklinen® | Best in Bed
Rated 5 stars out of 5 by over 100,000 customersRated 5 stars out of 5 by over 100,000 customersRated 5 stars out of 5 by over 100,000 customers","influencer@brooklinen.com","other","/contact","401-9844-4588","","https://www.instagram.com/brooklinen/",""
"https://www.reebok.com","www.reebok.com","Reebok® Official Site | Life is Not a Spectator Sport","careers@reebok.com","hr","/pages/careers","798-8750-6382","","https://www.instagram.com/reebok/",""
